{"chart":
    {
    "5":"Sesame seed",
    "6":"Sweet pea",
    "7":"blueberry",
    "8":"raspberry",
    "9":"Grape",
    "10":"prune",
    "11":"lime",
    "12":"plum",
    "13":"peach",
    "14":"lemon",
    "15":"apple",
    "16":"avocado",
    "17":"pear",
    "18":"Sweet potato",
    "19":"Mango",
    "20":"Banana",
    "21":"pomegranate",
    "22":"papaya",
    "23":"grapefruit",
    "24":"cantaloupe",
    "25":"cauliflower",
    "26":"head of lettuce",
    "27":"rutabaga",
    "28":"eggplant",
    "29":"Acorn squash",
    "30":"cucumber",
    "31":"pineapple",
    "32":"squash",
    "33":"Durian",
    "34":"Butternut squash",
    "35":"coconut",
    "36":"Honeydew melon",
    "37":"wintermelon",
    "38":"pumpkin",
    "39":"watermelon",
    "40":"jackfruit"
    }
}